Scale,Region_Name,Season_Name,Metrics,P_Value_ModifMK,Sens_Slope,P_Value,Change_Point_Year,Change_Point_pvalue,lm_slope,Sens_Slope_pre,P_Value_pre,Sens_Slope_post,P_Value_post,Trend_Decadal,Trend_Decadal_lm,Trend_Decadal_pre,Trend_Decadal_post
NZ_12NM,None,None,Number_MHW_days,2.916393856556385e-7,1.58235321969697,8.62272015474338e-5,1997,0.00453911349621097,2.058790494058783,-0.0648148148148148,0.892558465851561,2.71277777777778,0.0207698667681824,15.8235321969697,20.58790494058783,-0.6481481481481479,27.1277777777778
NZ_12NM,None,None,Nevents,2.6712611765065816e-13,0.114553429027113,1.32481793408515e-4,1997,0.00375274595017546,0.11256097560975592,-0.0104848484848485,0.964089361267912,0.133100961538462,0.0497214472902711,1.14553429027113,1.125609756097559,-0.104848484848485,1.3310096153846198
NZ_12NM,None,None,Mean_Intensity,0.8187547210138344,5.00090795963498e-4,0.898021262132282,2014,0.547678833511883,8.233435536772925e-4,-0.00409897902979541,0.13284986695975,-0.00623573928747212,0.71052302291648906,0.00500090795963498,0.00823343553677292,-0.0409897902979541,-0.06235739287472119
NZ_12NM,None,None,Maximum_Intensity,0.02717447496095566,0.00587681628373734,0.151835761826554,2012,0.0999299592124912,0.00608359072829743,-0.00608140427224843,0.307830430133696,0.0478414218211857,0.283130870662347,0.0587681628373734,0.06083590728297435,-0.0608140427224843,0.478414218211857
NZ_12NM,None,None,Cumulative_Intensity,2.78448543344126e-5,2.14107290670299,3.47736174308326e-4,2012,0.00902572911038771,3.038457441300702,0.358437375199992,0.395424696746904,18.043656712823,0.0490979816092656,21.410729067029894,30.38457441300702,3.5843737519999204,180.43656712823
Season_12NM,None,Autumn,Number_MHW_days,2.953606424431573e-7,0.566845238095238,4.53976428173682e-5,1997,0.00254268226252346,0.7676585365853639,0.0336666666666667,0.78684538320082,1.00920634920635,0.0298547537098258,5.66845238095238,7.676585365853638,0.336666666666667,10.0920634920635
Season_12NM,None,Spring,Number_MHW_days,0.00127001283799807,0.130909090909091,0.0260579122316927,1996,0.0617445750420483,0.3394496560350211,-0.0733333333333334,0.0924595951108613,0.233333333333333,0.290057979035239,1.30909090909091,3.394496560350211,-0.7333333333333341,2.33333333333333
Season_12NM,None,Summer,Number_MHW_days,0.00152478786425062,0.279708994708995,0.00498658125974084,2012,0.0195029764754562,0.4722532833020628,0.00458333333333334,1,2.53333333333333,0.0318231273864902,2.79708994708995,4.722532833020628,0.0458333333333334,25.3333333333333
Season_12NM,None,Winter,Number_MHW_days,4.24788896180971e-10,0.359832775919732,1.67354012222296e-4,1996,2.56743740876616e-4,0.4794290181363341,-0.0711111111111111,0.164818589811777,0.466166666666667,0.158345112567122,3.59832775919732,4.7942901813633405,-0.711111111111111,4.66166666666667
Season_12NM,None,Autumn,Nevents,3.4650253916049725e-24,0.0313076923076923,8.18724827885814e-5,1997,0.00324749576947326,0.03108317698561596,0.00844444444444445,0.588632615921412,0.0338816738816739,0.0554122185693679,0.31307692307692303,0.3108317698561596,0.0844444444444445,0.338816738816739
Season_12NM,None,Spring,Nevents,0.00135071384701954,0.0127205882352941,0.0359644987041533,1996,0.0662861998080659,0.02576985616010001,-0.01,0.0924595951108613,0.0175,0.389883106831301,0.127205882352941,0.25769856160100013,-0.1,0.17500000000000002
Season_12NM,None,Summer,Nevents,3.298304817582946e-5,0.0231481481481481,0.00463735110046976,2009,0.0258987613300933,0.02744183864915569,0.00305555555555555,0.890006773986168,0.106984126984127,0.0995087321591697,0.23148148148148096,0.2744183864915569,0.0305555555555555,1.06984126984127
Season_12NM,None,Winter,Nevents,6.471895911549199e-14,0.0260706605222734,3.62550522335479e-4,1996,3.81606298843534e-4,0.02826610381488424,-0.01,0.18096405558227,0.0216666666666667,0.242610756128239,0.26070660522273403,0.28266103814884247,-0.1,0.21666666666666695
Season_12NM,None,Autumn,Mean_Intensity,0.8459669026335338,6.92958670120508e-4,0.888800705443347,2014,0.816045026285158,0.00752343545442815,-0.00418115748406176,0.20383739506789,7.27523463213343e-4,1,0.00692958670120508,0.07523435454428157,-0.0418115748406176,0.00727523463213343
Season_12NM,None,Spring,Mean_Intensity,0.00212156790709717,0.00278305966594277,0.187983838138654,2016,0.45745981505295,0.00258822970263398,-8.62698188928775e-4,0.842403512475705,0.0392646924239387,0.25965635637045,0.0278305966594277,0.02588229702633982,-0.00862698188928775,0.392646924239387
Season_12NM,None,Summer,Mean_Intensity,0.02630760135065387,0.00441744866630941,0.132843309662691,2010,0.113914155462143,0.01060070070064903,-0.0035004181254969,0.320136568444488,0.0217881469832852,0.303673214899419,0.04417448666309409,0.10600700700649032,-0.035004181254969,0.217881469832852
Season_12NM,None,Winter,Mean_Intensity,0.04181315305115351,0.00307983148946393,0.138958294570753,1996,0.121490416894221,0.00631913444217022,0.0101757989970818,0.428480419497997,-0.00223506961412957,0.402267231264431,0.0307983148946393,0.06319134442170228,0.101757989970818,-0.02235069614129569
Season_12NM,None,Autumn,Maximum_Intensity,0.3713231460952382,0.00280399280056274,0.499163903982076,2012,0.396630897133871,0.01283361940132945,-0.00698459152349753,0.21463615760725,0.0370036455199976,0.474274350767329,0.0280399280056274,0.12833619401329452,-0.0698459152349753,0.370036455199976
Season_12NM,None,Spring,Maximum_Intensity,0.00888634691481966,0.0061208676337429,0.212521935405059,1997,0.38706219332008,0.00809823389820335,-0.0199140450557073,0.0791092150986985,0.00889636348531264,0.46906326827448,0.061208676337429,0.08098233898203355,-0.19914045055707305,0.0889636348531264
Season_12NM,None,Summer,Maximum_Intensity,1.3647603121157723e-4,0.0133334979157016,0.0158755471413791,2009,0.028038691241251,0.02054047173871231,-0.00679321495801394,0.489265087006439,0.0446089579725352,0.0239875344644269,0.133334979157016,0.20540471738712313,-0.0679321495801394,0.446089579725352
Season_12NM,None,Winter,Maximum_Intensity,8.88205204920785e-5,0.00754194970557338,0.0204191298581656,1996,0.0128049957323485,0.01057741222992319,0.00205540187072735,0.843085229269984,-0.00196793624842892,0.757639735211381,0.07541949705573381,0.10577412229923196,0.0205540187072735,-0.01967936248428919
Season_12NM,None,Autumn,Cumulative_Intensity,3.085908660969621e-5,0.679552490036975,1.09549132198352e-4,1997,0.00498660899221309,1.107271704308889,0.0548069507311503,0.718439058878507,1.21206074559044,0.0421655784631013,6.795524900369751,11.072717043088891,0.548069507311503,12.1206074559044
Season_12NM,None,Spring,Cumulative_Intensity,0.00153487099985657,0.166911048543795,0.0245347936263211,1996,0.0617445750420483,0.4605471974920453,-0.0806386765424941,0.0600382909095791,0.279111215673659,0.20110491981248,1.66911048543795,4.605471974920453,-0.806386765424941,2.79111215673659
Season_12NM,None,Summer,Cumulative_Intensity,0.00595513845344688,0.444611434621543,0.00663376241364479,2012,0.0195029764754562,0.9321286197188152,-0.0102402527656555,1,5.0765808630761,0.107404636330254,4.44611434621543,9.321286197188153,-0.102402527656555,50.765808630761
Season_12NM,None,Winter,Cumulative_Intensity,1.1448405574713467e-11,0.409143881471088,1.26491986907312e-4,1996,1.81498829008239e-4,0.5385099197809533,-0.069653328704834,0.16585666034291,0.459829094343458,0.158345112567122,4.09143881471088,5.385099197809533,-0.6965332870483399,4.59829094343458
Region_12NM,Auckland Island,None,Number_MHW_days,0.00426472282137181,1.36826923076923,0.00357420375180136,2011,0.013366234692258,2.4064352720450217,0,0.985757359054653,15.2,0.0867681727038757,13.6826923076923,24.064352720450216,0,152
Region_12NM,Bounty and Antipodes Islands,None,Number_MHW_days,0.01556137139154539,1.16082392552981,0.00776958895748083,2009,0.00340848637073069,2.03416718782572,-0.460718294051627,0.176545679431114,10.2268518518519,0.00604371940110763,11.6082392552981,20.3416718782572,-4.60718294051627,102.268518518519
Region_12NM,Campbell Island,None,Number_MHW_days,0.01122379421933379,1.15,0.0130935123152176,2012,0.0117457787762324,1.9923545966228835,-0.0396825396825397,0.594718484428914,12.3,0.152406283956749,11.5,19.923545966228836,-0.396825396825397,123
Region_12NM,Central New Zealand,None,Number_MHW_days,9.017941253581243e-11,1.57261904761905,2.77582446364822e-4,1997,0.0060051040140060704,1.8557293621013091,0.0647685185185185,0.78684538320082,2.26439075630252,0.0972765497036966,15.7261904761905,18.557293621013095,0.647685185185185,22.6439075630252
Region_12NM,Chatham Island,None,Number_MHW_days,0.00373845083838022,1.74609375,2.88285633895151e-4,1997,0.0103047996961682,3.844598186366467,0,0.891607982301195,4.74166666666667,0.0298547537098258,17.4609375,38.44598186366468,0,47.4166666666667
Region_12NM,Kermadec Island,None,Number_MHW_days,3.0734086972760314e-8,1.44618055555556,5.75787117778492e-5,2002,0.00241992809131807,2.3337320200125022,0.068609022556391,0.48521990964968,4.62178308823529,0.02517833280286,14.4618055555556,23.33732020012502,0.68609022556391,46.2178308823529
Region_12NM,Northeastern New Zealand,None,Number_MHW_days,3.21188085298307e-6,1.19953173777315,0.001353116120372,1997,0.0145555975397895,1.8019487986443103,-0.176979472140762,0.470853234595508,2.56362007168459,0.0616357212207803,11.9953173777315,18.019487986443107,-1.7697947214076202,25.6362007168459
Region_12NM,Snares Island,None,Number_MHW_days,3.2753858594881087e-6,1.1046875,0.00356501254281524,1998,0.0179552790081646,1.7532833020637866,0,0.315012590292266,2.55332167832168,0.101225688640055,11.046875,17.532833020637867,0,25.5332167832168
Region_12NM,South New Zealand,None,Number_MHW_days,7.399343184539362e-6,1.31431530792801,0.00200600405136986,2012,0.0151852291851639,1.9805576623687635,0.0942249240121579,0.633720678993265,4.23670212765957,0.210497700055337,13.1431530792801,19.80557662368764,0.942249240121579,42.3670212765957
Region_12NM,Three Kings-North Cape,None,Number_MHW_days,3.7757218535234665e-12,0.954453441295547,2.62329039795145e-4,1997,0.00340848637073069,1.4213883677298282,0,1,1.79956427015251,0.107072352121493,9.54453441295547,14.213883677298282,0,17.9956427015251
Region_12NM,Auckland Island,None,Nevents,4.204855861879913e-4,0.1,0.00550279046561687,2008,31,0.13335834896810475,0,1,0.73,0.011793457077065,1,1.3335834896810477,0,7.3
Region_12NM,Bounty and Antipodes Islands,None,Nevents,0.00512480619043267,0.0827294685990338,0.0124211647119334,2009,0.00789241727197526,0.10487804878048768,-0.0430555555555556,0.256745120729298,0.680555555555556,0.0201971916376515,0.827294685990338,1.048780487804877,-0.430555555555556,6.805555555555561
Region_12NM,Campbell Island,None,Nevents,0.00169911617769187,0.0982620320855615,0.0312324748234462,2012,0.0258987613300933,0.11765165728580332,-0.00980392156862747,0.49222825984617,0.708333333333333,0.152406283956749,0.982620320855615,1.1765165728580331,-0.0980392156862747,7.08333333333333
Region_12NM,Central New Zealand,None,Nevents,7.435497847345745e-16,0.108184523809524,3.96872297568848e-4,1997,0.00453911349621097,0.11062539086929316,-0.0120833333333333,0.928178796411089,0.134420289855073,0.107072352121493,1.08184523809524,1.1062539086929315,-0.120833333333333,1.3442028985507302
Region_12NM,Chatham Island,None,Nevents,5.754899974131949e-11,0.143667861409797,1.07984896694578e-4,1997,0.00241992809131807,0.14297998749218238,-0.00189393939393939,0.784990634923833,0.158997252747253,0.0445291507620562,1.4366786140979702,1.429799874921824,-0.0189393939393939,1.5899725274725298
Region_12NM,Kermadec Island,None,Nevents,1.315033454325848e-25,0.12012987012987,5.71786170936915e-5,2002,0.00219070986433788,0.1275562851782362,0.0128968253968254,0.395298713235406,0.204166666666667,0.0475702059373576,1.2012987012987,1.2755628517823618,0.128968253968254,2.04166666666667
Region_12NM,Northeastern New Zealand,None,Nevents,1.0106526518614448e-13,0.0940612457261781,0.00226420408597714,1997,0.0151852291851639,0.10347091932457766,-0.025,0.588632615921412,0.138709677419355,0.134881616306747,0.9406124572617812,1.0347091932457766,-0.25,1.38709677419355
Region_12NM,Snares Island,None,Nevents,1.6475760079828124e-12,0.0887605042016807,0.0025013280456717,1998,0.007210487806071,0.10389305816135072,0,0.430053946834903,0.0863095238095238,0.222587897058839,0.887605042016807,1.0389305816135073,0,0.8630952380952379
Region_12NM,South New Zealand,None,Nevents,3.712866250208201e-13,0.108651439299124,0.00306337062038577,2012,0.0291660720630713,0.1063989461498542,0.0231267345050879,0.506826186584804,0.281914893617021,0.474274350767329,1.08651439299124,1.063989461498542,0.231267345050879,2.81914893617021
Region_12NM,Three Kings-North Cape,None,Nevents,3.5662900977293956e-14,0.0962301587301587,1.95355382169001e-4,1997,0.00375274595017546,0.11935584740462768,0,1,0.137152777777778,0.101176828092233,0.962301587301587,1.1935584740462768,0,1.37152777777778
Region_12NM,Auckland Island,None,Mean_Intensity,0.3066145454257436,5.0880757156584e-4,0.674820309053515,2012,1,-9.3523971969429e-4,-0.00250589533616923,0.485663591756921,4.82973262877569e-4,1,0.0050880757156584,-0.00935239719694289,-0.0250589533616923,0.00482973262877569
Region_12NM,Bounty and Antipodes Islands,None,Mean_Intensity,0.5026709357263932,9.56458396184645e-4,0.761500362068171,2008,0.786729254395615,0.0014650592866196,-0.0200198081493923,0.0893016642331124,0.0161937107959848,0.273561411724749,0.00956458396184645,0.014650592866196,-0.200198081493923,0.161937107959848
Region_12NM,Campbell Island,None,Mean_Intensity,0.6692451783174893,0,0.787798820522805,1989,0.969151311796511,0.0042809516029519,0.00903547976937512,0.71052302291648906,0.00315469385816081,0.224347933491384,0,0.04280951602951905,0.0903547976937512,0.0315469385816081
Region_12NM,Central New Zealand,None,Mean_Intensity,0.6058850871866885,0.00132288885313215,0.6748758057143,2014,0.648058991085636,0.00986644517616363,-0.00316863557508151,0.336668367610039,-0.0159391051978622,0.536186771900174,0.01322888853132149,0.0986644517616363,-0.0316863557508151,-0.15939105197862202
Region_12NM,Chatham Island,None,Mean_Intensity,0.593351208393913,0.00147583991479799,0.700451909494251,1990,0.368409518874505,0.00805088236241903,0.0260791608236859,0.465512169874187,0.00926660991193766,0.0297011459779245,0.0147583991479799,0.08050882362419029,0.260791608236859,0.0926660991193766
Region_12NM,Kermadec Island,None,Mean_Intensity,0.00507790164010871,0.00601662909543019,0.086581918198186,1996,0.359324410289407,0.01315866598384574,-0.00130624214064459,0.764081750825189,0.00324086539676742,0.427488999599048,0.0601662909543019,0.13158665983845738,-0.01306242140644589,0.0324086539676742
Region_12NM,Northeastern New Zealand,None,Mean_Intensity,0.03708723962909152,0.00243868745583422,0.316316070202336,2014,0.308143965335826,0.00409562848882035,-0.00390927805954294,0.385508601750293,0.029888386844151,0.386476230771233,0.02438687455834219,0.0409562848882035,-0.03909278059542941,0.29888386844151
Region_12NM,Snares Island,None,Mean_Intensity,0.05708030442315032,0.00502706729115188,0.0906141325058664,2010,0.248500570788314,0.01973970242461749,0,0.817923549340132,0.00771101451883663,0.45067028531418,0.0502706729115188,0.1973970242461749,0,0.0771101451883663
Region_12NM,South New Zealand,None,Mean_Intensity,0.6297724305141037,-0.00106516712359115,0.806599076971551,1989,0.648058991085636,0.00378879108187306,0.00450765776692655,1,0.00568672639010836,0.226625781525503,-0.0106516712359115,0.03788791081873061,0.0450765776692655,0.0568672639010836
Region_12NM,Three Kings-North Cape,None,Mean_Intensity,0.05725561648412049,0.0030633224574553,0.172575869301462,1993,0.284652265197787,0.00962910684312899,-0.0946927042127577,0.0800579199844347,0.00150294731210753,0.639104270712721,0.030633224574553,0.0962910684312899,-0.9469270421275772,0.0150294731210753
Region_12NM,Auckland Island,None,Maximum_Intensity,0.02119756258847556,0.00283555514576932,0.351173852124222,2012,0.45745981505295,0.00128996116785103,-0.00540445355571921,0.444126173049996,0.0201246209454611,0.474274350767329,0.0283555514576932,0.01289961167851037,-0.0540445355571921,0.20124620945461105
Region_12NM,Bounty and Antipodes Islands,None,Maximum_Intensity,0.13546580198584224,0.00316199790672195,0.44103220573285,2008,0.416255311263524,0.00481284291307038,-0.0335615568919615,0.0974911584609397,0.0456173476732694,0.125311111389424,0.0316199790672195,0.04812842913070388,-0.33561556891961497,0.4561734767326941
Region_12NM,Campbell Island,None,Maximum_Intensity,0.2495421009726717,0.00208411068770623,0.489892562854421,2012,0.359324410289407,0.00616095893498819,-0.00749578829871289,0.192202003503234,0.0236213461896648,0.474274350767329,0.0208411068770623,0.06160958934988191,-0.0749578829871289,0.236213461896648
Region_12NM,Central New Zealand,None,Maximum_Intensity,0.0027686062540383,0.0105635520982143,0.0402940977421447,2008,0.0617445750420483,0.01972553144037116,-0.00437528964099722,0.491391342901203,0.0297610071417869,0.228439808988675,0.105635520982143,0.1972553144037116,-0.04375289640997219,0.297610071417869
Region_12NM,Chatham Island,None,Maximum_Intensity,0.03295144868865859,0.00918869143060918,0.180031572377716,2012,0.341633260984397,0.01589109240916532,-0.00413828965856673,0.609678804433715,0.0604849424196326,0.152406283956749,0.0918869143060918,0.15891092409165322,-0.04138289658566729,0.604849424196326
Region_12NM,Kermadec Island,None,Maximum_Intensity,1.1512426324416245e-12,0.0156037097820071,0.0179546268241796,1996,0.198069083058262,0.01951884348113748,0,0.920311225447017,0.0143878897988585,0.217081137650035,0.156037097820071,0.19518843481137485,0,0.143878897988585
Region_12NM,Northeastern New Zealand,None,Maximum_Intensity,0.03316829012126658,0.00677732629377447,0.253504363355301,2012,0.146733185683281,0.00751158683536491,-0.00808670673327123,0.21463615760725,0.0543716430784411,0.283130870662347,0.0677732629377447,0.07511586835364911,-0.08086706733271229,0.543716430784411
Region_12NM,Snares Island,None,Maximum_Intensity,3.5012575422888373e-4,0.0162018680699666,0.0255673899199858,2012,0.129475791178407,0.02841593477762449,0,0.79511230704763,0.026719408416748,0.474274350767329,0.162018680699666,0.2841593477762449,0,0.26719408416748003
Region_12NM,South New Zealand,None,Maximum_Intensity,0.09749780230112412,0.00549734054420661,0.381931999240412,2010,0.262518929352134,0.01115887492317322,-0.0136553259615412,0.170240577769197,0.00903461283177035,0.631221820478253,0.0549734054420661,0.11158874923173227,-0.136553259615412,0.0903461283177035
Region_12NM,Three Kings-North Cape,None,Maximum_Intensity,0.00115349753192539,0.00963488707890586,0.115530060545211,1994,0.377655244490405,0.01424403751931774,-0.0642794336509704,0.291747765521269,0.00500712891600084,0.593738705274273,0.0963488707890586,0.14244037519317743,-0.642794336509704,0.0500712891600084
Region_12NM,Auckland Island,None,Cumulative_Intensity,0.003190601477912,1.31505043068519,0.00244534988122937,2011,0.0112464081375155,2.419606820546228,0.0161566094462078,0.900555091270654,15.1551783772024,0.0617066900283127,13.1505043068519,24.19606820546228,0.16156609446207798,151.551783772024
Region_12NM,Bounty and Antipodes Islands,None,Cumulative_Intensity,0.04422062544361373,1.33154230799004,0.0299106195333716,2009,0.00943512139231575,2.605645229696586,-0.720829779613283,0.0875372400401819,13.9194325274181,0.00870615545243421,13.315423079900398,26.056452296965865,-7.20829779613283,139.194325274181
Region_12NM,Campbell Island,None,Cumulative_Intensity,0.01924394016377642,0.852860488176057,0.0253988550989711,2012,0.0195029764754562,1.5484864711638446,-0.0318458272404141,0.492483260238207,9.10459981562297,0.152406283956749,8.52860488176057,15.484864711638446,-0.318458272404141,91.0459981562297
Region_12NM,Central New Zealand,None,Cumulative_Intensity,2.2083548786193703e-8,2.40713824634206,2.31432441303052e-4,1997,0.007210487806071,3.002618191675759,0.00349981025926994,1,3.6528022797955,0.0421655784631013,24.0713824634206,30.026181916757587,0.0349981025926994,36.528022797955
Region_12NM,Chatham Island,None,Cumulative_Intensity,0.00711851120350507,2.00484456895138,8.20409284500821e-4,1997,0.0158391991341563,5.027290269566452,-0.00165103441476822,0.820333259202446,5.17547620847304,0.0525668373755035,20.0484456895138,50.27290269566451,-0.0165103441476822,51.7547620847304
Region_12NM,Kermadec Island,None,Cumulative_Intensity,8.862503983498143e-9,1.94217829113398,7.74922792371283e-5,2002,0.00324749576947326,3.303428864624226,0.082201187297276,0.524348929539596,6.74151827547161,0.0212482443879279,19.4217829113398,33.03428864624226,0.82201187297276,67.4151827547161
Region_12NM,Northeastern New Zealand,None,Cumulative_Intensity,8.355925312895244e-5,1.58351333559215,8.60935769935578e-4,2012,0.0128049957323485,2.6533930309186458,0.217395235413582,0.551869851008629,16.6188997867434,0.0318231273864902,15.8351333559215,26.53393030918646,2.17395235413582,166.18899786743398
Region_12NM,Snares Island,None,Cumulative_Intensity,5.785154981215576e-5,1.3713461672176,0.00356501254281524,1998,0.0195029764754562,2.5719889225730705,0,0.358938698894366,3.12988391666701,0.101225688640055,13.713461672176,25.719889225730704,0,31.2988391666701
Region_12NM,South New Zealand,None,Cumulative_Intensity,1.225191145254748e-4,1.85759233866553,0.00273475753464485,2012,0.0128049957323485,3.145661929065593,0.070550871144042,0.759361623620326,17.4892123516233,0.283130870662347,18.5759233866553,31.45661929065593,0.70550871144042,174.89212351623303
Region_12NM,Three Kings-North Cape,None,Cumulative_Intensity,1.1736517980743237e-10,1.18866509814658,4.90832145610762e-4,1997,0.0060051040140060704,1.8907846951646992,0,1,2.13097443019322,0.141192972823796,11.8866509814658,18.90784695164699,0,21.3097443019322
Region x Season_12NM,Auckland Island,Autumn,Number_MHW_days,0.04478808041681968,0.1,0.00520562804021188,2011,0.0686619468434076,0.9316697936210108,0,0.491006508954918,3.25555555555556,0.478593692972351,1,9.316697936210106,0,32.5555555555556
Region x Season_12NM,Auckland Island,Spring,Number_MHW_days,0.11090920426336869,0.0181878306878307,0.134633674623356,2011,0.0368070368228742,0.4786022514071274,0,0.0921174013614472,2.0375,0.310044123876524,0.181878306878307,4.786022514071274,0,20.375
Region x Season_12NM,Auckland Island,Summer,Number_MHW_days,0.27375658197914227,0,0.349685335764355,2016,0.416255311263524,0.34922138836772926,0,0.467480810147672,4.25,0.707114231289961,0,3.4922138836772927,0,42.5
Region x Season_12NM,Auckland Island,Winter,Number_MHW_days,0.00407862745899227,0.256481481481481,0.00437069538911865,2008,0.078903022311416,0.6469418386491541,0,0.540065167783626,1.75,0.0891985826480211,2.5648148148148096,6.469418386491541,0,17.5
Region x Season_12NM,Bounty and Antipodes Islands,Autumn,Number_MHW_days,0.06804615881246243,0.0657407407407407,0.0722998322370554,2010,0.151326392670084,0.3987700646237224,0,0.417463694463591,2.58377425044092,0.0335241652350047,0.657407407407407,3.987700646237224,0,25.8377425044092
Region x Season_12NM,Bounty and Antipodes Islands,Spring,Number_MHW_days,0.01717834469418392,0.303571428571429,0.00546866336464584,2009,0.00188435462141981,0.6861475922451514,0,0.420839635082242,1.325,0.581541002431495,3.03571428571429,6.861475922451515,0,13.25
Region x Season_12NM,Bounty and Antipodes Islands,Summer,Number_MHW_days,0.2037320580067379,0.0257936507936508,0.259488293678763,2012,0.129475791178407,0.2982697519282883,-0.0694444444444444,0.106519815751505,3.18518518518519,0.0490979816092656,0.257936507936508,2.9826975192828833,-0.6944444444444441,31.8518518518519
Region x Season_12NM,Bounty and Antipodes Islands,Winter,Number_MHW_days,0.00867428959887121,0.297354497354497,0.00202378552910894,2009,0.00658266082902504,0.6509797790285579,0,0.738243361580988,3.11111111111111,0.0173433591624235,2.97354497354497,6.509797790285578,0,31.1111111111111
Region x Season_12NM,Campbell Island,Autumn,Number_MHW_days,0.02614804874468639,0.123106060606061,0.00607825174032457,2010,0.0229596384734092,0.69914008755472,0,0.762328491536639,3.30324074074074,0.0739224859595389,1.23106060606061,6.9914008755472,0,33.0324074074074
Region x Season_12NM,Campbell Island,Spring,Number_MHW_days,0.2105074585625257,0,0.108765928416415,2010,0.142253371878316,0.4938555347091903,0,0.330356905468456,2.29017857142857,0.216006118454849,0,4.938555347091903,0,22.901785714285698
Region x Season_12NM,Campbell Island,Summer,Number_MHW_days,0.35464360166520476,0,0.504616796775258,2016,0.341633260984397,0.21994996873045655,0,0.208146363977549,0.916666666666666,0.707114231289961,0,2.1994996873045656,0,9.16666666666666
Region x Season_12NM,Campbell Island,Winter,Number_MHW_days,4.862718404965433e-4,0.246925779534475,0.00125860484636926,1999,0.0303332333884399,0.5794090056285165,0,0.628967844730379,0.902777777777778,0.047030480445306,2.46925779534475,5.794090056285165,0,9.02777777777778
Region x Season_12NM,Central New Zealand,Autumn,Number_MHW_days,3.5237815997284553e-7,0.436243386243386,2.17679130883264e-4,1997,0.00863252119800628,0.6711061601000609,0.0205555555555556,0.384161412721343,0.6275,0.0798387196458526,4.36243386243386,6.711061601000608,0.205555555555556,6.2749999999999995
Region x Season_12NM,Central New Zealand,Spring,Number_MHW_days,1.048020917047056e-6,0.0913299663299663,0.0102236664100822,1996,0.0139495206053489,0.25198796122576594,0,0.5725580830729,0.06875,0.596807379746766,0.9132996632996632,2.519879612257659,0,0.6875
Region x Season_12NM,Central New Zealand,Summer,Number_MHW_days,4.416644671953724e-4,0.281944444444445,0.00226733407605266,2009,0.0145555975397895,0.4576532207629761,-0.00729166666666664,0.968475208251265,1.95833333333333,0.00604371940110763,2.81944444444445,4.576532207629761,-0.0729166666666664,19.5833333333333
Region x Season_12NM,Central New Zealand,Winter,Number_MHW_days,1.7554346106050254e-9,0.274404761904762,5.67039045125149e-5,1996,1.61446857245351e-4,0.474982020012507,0,0.914003744101304,0.256818181818182,0.260846657020505,2.74404761904762,4.74982020012507,0,2.56818181818182
Region x Season_12NM,Chatham Island,Autumn,Number_MHW_days,0.01895742499038977,0.159140749601276,0.0036324331244287,1997,0.0397172898660469,0.956871482176358,0,0.917002681551372,0.383101851851852,0.182554536002465,1.59140749601276,9.568714821763578,0,3.83101851851852
Region x Season_12NM,Chatham Island,Spring,Number_MHW_days,0.00938055442525335,0.185396634615385,8.05372181040635e-4,2011,0.0340850808429161,0.9208450594121304,0,0.287505159569913,4.05833333333333,0.101041662579591,1.85396634615385,9.208450594121304,0,40.5833333333333
Region x Season_12NM,Chatham Island,Summer,Number_MHW_days,0.121376341994964,0.0972222222222221,0.0890777446214802,2012,0.269747901692371,0.6334818636647893,0,0.849682334167067,5.13425925925926,0.107404636330254,0.972222222222221,6.334818636647893,0,51.3425925925926
Region x Season_12NM,Chatham Island,Winter,Number_MHW_days,0.00102660889728037,0.609512061403509,1.15941773280857e-5,1998,9.62507525531773e-4,1.3333997811131917,0,0.866952511075341,1.84791666666667,0.0178558557547906,6.09512061403509,13.333997811131916,0,18.4791666666667
Region x Season_12NM,Kermadec Island,Autumn,Number_MHW_days,0.00570507909168157,0.274404761904762,0.00437069538911865,1994,0.031541331630213,0.8629299562226371,0,0.407902578638378,0.390151515151515,0.233260969682541,2.74404761904762,8.629299562226372,0,3.9015151515151505
Region x Season_12NM,Kermadec Island,Spring,Number_MHW_days,2.3095572476332805e-11,0.237559417706477,2.71909060139797e-6,2004,3.607994892815e-4,0.5385553470919312,0,0.39672308637716,1.18452380952381,0.00506375394149143,2.37559417706477,5.385553470919312,0,11.8452380952381
Region x Season_12NM,Kermadec Island,Summer,Number_MHW_days,6.556957812724295e-7,0.222222222222222,0.00472603644329033,2003,0.0515403952593022,0.31981707317073116,0,0.95259163127884094,0.761904761904762,0.0631107828778544,2.2222222222222197,3.198170731707312,0,7.6190476190476195
Region x Season_12NM,Kermadec Island,Winter,Number_MHW_days,1.4114684644865066e-6,0.226428571428571,3.87098680143708e-4,2001,0.0060051040140060704,0.6124296435272031,0,0.792335179284585,0.713286713286713,0.120690800527446,2.2642857142857102,6.124296435272031,0,7.13286713286713
Region x Season_12NM,Northeastern New Zealand,Autumn,Number_MHW_days,1.7333071924040494e-4,0.325842030360531,2.07599720367027e-5,1994,0.00357680352949921,0.8369636264600837,0,0.738591001880065,0.534674154368552,0.02068852820925,3.25842030360531,8.369636264600837,0,5.34674154368552
Region x Season_12NM,Northeastern New Zealand,Spring,Number_MHW_days,0.00870398123225171,0.0238269794721408,0.114418203331003,1997,0.110274821826928,0.2171352054711611,-0.0436827956989247,0.0144480312064598,0.0477150537634409,0.557508379805611,0.238269794721408,2.1713520547116114,-0.436827956989247,0.477150537634409
Region x Season_12NM,Northeastern New Zealand,Summer,Number_MHW_days,0.0047662828340299,0.329599761051374,0.00472823473535799,2014,0.0368070368228742,0.6322565514737019,0.021889400921659,0.640913876492895,3.82142857142857,0.265510388953874,3.29599761051374,6.322565514737018,0.21889400921659,38.2142857142857
Region x Season_12NM,Northeastern New Zealand,Winter,Number_MHW_days,9.262459384353981e-8,0.0634408602150538,0.00939911052631108,1997,0.0172233894740792,0.11559341523936342,0,1,0.0197580645161291,0.906987963436573,0.634408602150538,1.1559341523936342,0,0.197580645161291
Region x Season_12NM,Snares Island,Autumn,Number_MHW_days,0.00814699125818101,0.161764705882353,0.00277544373210881,1998,0.021168586485092,0.804268292682925,0,0.135113759258289,0.587719298245614,0.064952693424296,1.61764705882353,8.04268292682925,0,5.8771929824561395
Region x Season_12NM,Snares Island,Spring,Number_MHW_days,6.89189530417447e-4,0,0.132345936505433,2012,0.512633413483397,0.16470450281425894,0,0.950800342160042,0,0.85289247927395,0,1.6470450281425897,0,0
Region x Season_12NM,Snares Island,Summer,Number_MHW_days,0.13981457438062844,0,0.230077220328891,1998,0.396630897133871,0.35250938086303885,0,0.377405300560089,0,1,0,3.5250938086303885,0,0
Region x Season_12NM,Snares Island,Winter,Number_MHW_days,0.01121321663951557,0,0.0332416838356775,1998,0.176057561602557,0.431801125703564,0,1,0,0.717771830022421,0,4.31801125703564,0,0
Region x Season_12NM,South New Zealand,Autumn,Number_MHW_days,0.00157626542316352,0.34155585106383,6.32484999682245e-4,1998,0.0075444409656945,0.8692786715101172,0,0.759759654542587,0.632408814589666,0.0774249088314589,3.4155585106383004,8.692786715101171,0,6.32408814589666
Region x Season_12NM,South New Zealand,Spring,Number_MHW_days,6.436612832957889e-4,0.0334270262577386,0.0426505456380437,2011,0.165804767386612,0.2924573869306613,0,1,1.63297872340426,0.241476919938532,0.334270262577386,2.924573869306613,0,16.329787234042602
Region x Season_12NM,South New Zealand,Summer,Number_MHW_days,0.07381751342256222,0.108578183046268,0.160181408551802,2012,0.117652072147861,0.3732346014131166,-0.0319148936170213,0.390916940200571,1.32978723404255,0.720514787136255,1.08578183046268,3.732346014131166,-0.319148936170213,13.2978723404255
Region x Season_12NM,South New Zealand,Winter,Number_MHW_days,1.8638594341463055e-4,0.15323240589198,0.00341767835865639,1996,0.0269499577014627,0.4455870025148688,0,0.847492939905644,0.224113475177305,0.38483060733239,1.5323240589198002,4.455870025148688,0,2.24113475177305
Region x Season_12NM,Three Kings-North Cape,Autumn,Number_MHW_days,5.96700761467368e-6,0.225063938618926,3.90442118196616e-4,1997,0.007210487806071,0.5632270168855522,0,0.377234303848117,0.318627450980392,0.258559341784383,2.25063938618926,5.632270168855522,0,3.18627450980392
Region x Season_12NM,Three Kings-North Cape,Spring,Number_MHW_days,0.0318790711679258,0,0.153560290156911,2012,0.32457554494705,0.20703564727954943,0,0.448311599135162,1.83333333333333,0.0879614743080801,0,2.070356472795494,0,18.3333333333333
Region x Season_12NM,Three Kings-North Cape,Summer,Number_MHW_days,1.5683938840519171e-6,0.205738705738706,0.00541331642447219,2009,0.0461449073947383,0.34465290806754173,0,0.822194064553817,1.83982683982684,0.044083783741321,2.05738705738706,3.4465290806754174,0,18.3982683982684
Region x Season_12NM,Three Kings-North Cape,Winter,Number_MHW_days,4.525802993553441e-7,0.072380952380952407,0.00195584626596017,1997,0.00863252119800628,0.30647279549718537,0,0.526658305249448,0.0853174603174603,0.463482289119905,0.7238095238095241,3.0647279549718536,0,0.853174603174603
Region x Season_12NM,Auckland Island,Autumn,Nevents,0.00947139066974754,0.0181818181818182,0.005141686510294,2011,0.0934927755868988,0.0522607879924952,0,0.539622399619708,0.244444444444444,0.0797608811942313,0.181818181818182,0.5226078799249521,0,2.44444444444444
Region x Season_12NM,Auckland Island,Spring,Nevents,0.11623137288927834,0,0.22274585489279,2011,0.0934927755868988,0.01365853658536574,0,0.0996288337256318,0.1,0.272831756324959,0,0.13658536585365738,0,1
Region x Season_12NM,Auckland Island,Summer,Nevents,0.1919244928212253,0,0.259476127868162,2016,0.333025656218179,0.02213883677298311,0,0.47643822418531,0.566666666666667,0.132854955731054,0,0.22138836772983111,0,5.66666666666667
Region x Season_12NM,Auckland Island,Winter,Nevents,3.384990547684024e-5,0.0285714285714286,0.00330385090063192,2005,0.0662861998080659,0.04530018761726069,0,0.600137753270799,0.1,0.0613901788206126,0.285714285714286,0.4530018761726069,0,1
Region x Season_12NM,Bounty and Antipodes Islands,Autumn,Nevents,0.06016995914767517,0.00191570881226053,0.125317744704935,2010,0.181369539729631,0.01161142380654578,0,0.273486127752143,0.144444444444444,0.0467449410537112,0.0191570881226053,0.1161142380654578,0,1.4444444444444398
Region x Season_12NM,Bounty and Antipodes Islands,Spring,Nevents,1.4610138759065924e-4,0.037037037037037,0.00484884600312585,2009,0.00309354317844479,0.04566395663956629,0,0.508611730630469,0.0777777777777778,0.354080710246362,0.37037037037037,0.45663956639566294,0,0.7777777777777781
Region x Season_12NM,Bounty and Antipodes Islands,Summer,Nevents,0.29200768275612426,0,0.306826149132321,2012,0.241708324321636,0.02133625182405671,-0.00925925925925926,0.144837408488329,0.333333333333333,0.0247638782244797,0,0.2133625182405671,-0.0925925925925926,3.33333333333333
Region x Season_12NM,Bounty and Antipodes Islands,Winter,Nevents,3.923125687409128e-4,0.0208333333333333,0.0163367374936111,2009,0.0428263025563973,0.02626641651031891,0,0.615615137029165,0.136111111111111,0.0369803287981575,0.208333333333333,0.26266416510318913,0,1.3611111111111098
Region x Season_12NM,Campbell Island,Autumn,Nevents,0.00570546547486998,0.0163978494623656,0.00846236230635022,2010,0.031541331630213,0.03877423389618505,0,0.812219416952538,0.204365079365079,0.130494315596299,0.163978494623656,0.3877423389618505,0,2.04365079365079
Region x Season_12NM,Campbell Island,Spring,Nevents,0.15296359343179933,0,0.197393277512757,2011,0.262518929352134,0.0235146966854282,0,0.3287255313172,0.166666666666667,0.241476919938532,0,0.235146966854282,0,1.6666666666666698
Region x Season_12NM,Campbell Island,Summer,Nevents,0.3008281831789149,0,0.611073003684665,2016,0.45745981505295,0.00664477798624146,0,0.190017130281278,0.333333333333333,0.435694798661949,0,0.0664477798624147,0,3.33333333333333
Region x Season_12NM,Campbell Island,Winter,Nevents,2.673860096406695e-7,0.0325396825396825,0.00323098718587388,1999,0.0397172898660469,0.04871794871794861,0,0.628967844730379,0.0757575757575758,0.118317788946692,0.325396825396825,0.4871794871794861,0,0.757575757575758
Region x Season_12NM,Central New Zealand,Autumn,Nevents,3.8878387820770746e-19,0.026875,0.0019163561442246,1997,0.0158391991341563,0.02902282676672917,0.00152777777777778,0.436186717728557,0.0109126984126984,0.374685499942783,0.26875,0.2902282676672917,0.0152777777777778,0.109126984126984
Region x Season_12NM,Central New Zealand,Spring,Nevents,5.484296250010395e-7,0.0140714798850575,0.00507832346449946,1997,0.0103047996961682,0.02633989993746088,0,1,0.00468749999999999,0.761421536146361,0.140714798850575,0.2633989993746088,0,0.0468749999999999
Region x Season_12NM,Central New Zealand,Summer,Nevents,4.9808091781637454e-5,0.0219791666666667,0.00873654835323546,2009,0.031541331630213,0.02532129455909942,0,1,0.0813194444444444,0.160555891435809,0.219791666666667,0.2532129455909942,0,0.813194444444444
Region x Season_12NM,Central New Zealand,Winter,Nevents,1.6857463182038956e-15,0.0262275985663082,7.25160229778893e-5,1996,1.52225816857183e-4,0.02994136960600369,0,0.745961088883831,0.0208333333333333,0.280009304459619,0.26227598566308197,0.2994136960600369,0,0.208333333333333
Region x Season_12NM,Chatham Island,Autumn,Nevents,4.089292628648084e-4,0.00555555555555556,0.0240442316787915,1997,0.0966666356258652,0.01903533458411507,0,1,0.00763888888888889,0.542559087814795,0.0555555555555556,0.1903533458411507,0,0.07638888888888891
Region x Season_12NM,Chatham Island,Spring,Nevents,8.410750422456386e-6,0.0277777777777778,0.0014480556295659,1998,0.0515403952593022,0.0456105378361475,0,0.68652905232221,0.0625,0.0603093060418492,0.277777777777778,0.45610537836147497,0,0.625
Region x Season_12NM,Chatham Island,Summer,Nevents,8.157658455298127e-4,0.0194444444444444,0.0671395426044649,1999,0.228550254445066,0.02919011882426513,-0.00833333333333334,0.31430913457015,0.0357142857142857,0.202791645427044,0.194444444444444,0.2919011882426513,-0.0833333333333334,0.357142857142857
Region x Season_12NM,Chatham Island,Winter,Nevents,2.223665998651603e-32,0.0464324618736383,6.08701966511043e-5,1998,9.12861861862655e-4,0.04914399624765468,0,0.866952511075341,0.0475898692810457,0.116013420957031,0.46432461873638303,0.49143996247654687,0,0.475898692810457
Region x Season_12NM,Kermadec Island,Autumn,Nevents,1.3745901558143958e-14,0.0218253968253968,0.0212813104624481,1994,0.0496843028361309,0.02509380863039396,0,0.498330255254639,0.00496031746031746,0.633236017069025,0.218253968253968,0.2509380863039396,0,0.0496031746031746
Region x Season_12NM,Kermadec Island,Spring,Nevents,7.218920958409241e-18,0.0291666666666667,1.45667938636741e-6,2004,2.71848004841981e-4,0.03599124452782982,0,0.409964488134838,0.075,0.00180279112072622,0.29166666666666696,0.3599124452782982,0,0.75
Region x Season_12NM,Kermadec Island,Summer,Nevents,4.046397725480849e-6,0.0211309523809524,0.0180503524770876,2003,0.0874062765091126,0.02925265791119447,0,0.858442026757827,0.0681818181818182,0.245862664615842,0.211309523809524,0.2925265791119447,0,0.6818181818181821
Region x Season_12NM,Kermadec Island,Winter,Nevents,3.107465448543982e-5,0.0186678614097969,3.32923805330119e-4,2001,0.00375274595017546,0.03721857410881794,0,0.712432408605965,0.0470328282828283,0.161009761651568,0.186678614097969,0.37218574108817937,0,0.470328282828283
Region x Season_12NM,Northeastern New Zealand,Autumn,Nevents,9.120394400855406e-12,0.0272565136476427,9.05962199417839e-5,1994,0.00412875385027144,0.03812413000060514,0,0.867480283180017,0.032258064516129,0.0658047271259802,0.272565136476427,0.3812413000060514,0,0.32258064516129
Region x Season_12NM,Northeastern New Zealand,Spring,Nevents,0.00276772311489328,0.003125,0.122673192061375,1997,0.113914155462143,0.01478998971131147,-0.00672043010752688,0.0144480312064598,0.00470430107526881,0.588978344416033,0.03125,0.1478998971131147,-0.0672043010752688,0.0470430107526881
Region x Season_12NM,Northeastern New Zealand,Summer,Nevents,5.772950378714784e-6,0.0308255517826825,0.00422848757624406,2009,0.044458714572896,0.04006536343279058,0.00556835637480799,0.592968022481833,0.129490469208211,0.198449303592012,0.308255517826825,0.4006536343279058,0.0556835637480799,1.29490469208211
Region x Season_12NM,Northeastern New Zealand,Winter,Nevents,7.106048725713874e-9,0.00806451612903226,0.0122565927251194,1997,0.0172233894740792,0.01049143617987048,0,1,0,1,0.08064516129032259,0.10491436179870484,0,0
Region x Season_12NM,Snares Island,Autumn,Nevents,1.0602608903119625e-7,0.0227272727272727,0.00416362388080753,1998,0.0158391991341563,0.03377110694183859,0,0.179776871182561,0.0384615384615385,0.183335286767584,0.22727272727272704,0.33771106941838597,0,0.38461538461538497
Region x Season_12NM,Snares Island,Spring,Nevents,0.06825350850342238,0,0.057150101246456,1998,0.284652265197787,0.03055816135084421,0,0.433608480938485,0,0.505249888098011,0,0.3055816135084421,0,0
Region x Season_12NM,Snares Island,Summer,Nevents,0.12106941702075584,0,0.416265527827815,1998,0.571840311449418,0.01095215759849907,0,0.24546686154765399,0,0.836372118375462,0,0.1095215759849908,0,0
Region x Season_12NM,Snares Island,Winter,Nevents,0.00969968316778993,0,0.0237427693800592,1998,0.198069083058262,0.02861163227016881,0,1,0,0.468766201608149,0,0.28611632270168813,0,0
Region x Season_12NM,South New Zealand,Autumn,Nevents,2.2924589596937347e-7,0.0217198581560284,0.00450463673424814,1998,0.00986127897978181,0.03143986268013248,0,0.965088688502607,0.00855235711305799,0.584154161961185,0.217198581560284,0.3143986268013248,0,0.0855235711305799
Region x Season_12NM,South New Zealand,Spring,Nevents,0.0089989450948059,0.00467673964436222,0.0477371686335422,1998,0.203895942233581,0.0259550516945431,0,0.226006728358498,0.0154255319148936,0.176609788495473,0.0467673964436222,0.259550516945431,0,0.154255319148936
Region x Season_12NM,South New Zealand,Summer,Nevents,0.0038557345507328,0.0129296235679215,0.116707275551354,2009,0.117652072147861,0.02061594347531036,-0.00602836879432624,0.346702669037266,0.0558510638297872,0.271240886355585,0.129296235679215,0.2061594347531037,-0.0602836879432624,0.558510638297872
Region x Season_12NM,South New Zealand,Winter,Nevents,5.3078406398321485e-5,0.0121580547112462,0.00838162365819326,1996,0.0327915464577378,0.02838808829986824,0,0.948885763472862,0.00151975683890579,0.623890554061609,0.121580547112462,0.2838808829986824,0,0.0151975683890579
Region x Season_12NM,Three Kings-North Cape,Autumn,Nevents,1.1922994373108038e-7,0.0266666666666667,3.50096398006381e-4,1997,0.00943512139231575,0.04133833646028758,0,0.40705946003219,0.0392156862745098,0.178061094900343,0.266666666666667,0.41338336460287584,0,0.392156862745098
Region x Season_12NM,Three Kings-North Cape,Spring,Nevents,0.02480289687471821,0,0.160660174953421,1997,0.377655244490405,0.015978736710444,0,0.0204555958056565,0,0.418340672565572,0,0.15978736710444005,0,0
Region x Season_12NM,Three Kings-North Cape,Summer,Nevents,8.68676407471767e-10,0.0295868347338936,0.00221228927858119,2009,0.013366234692258,0.03205128205128201,0,0.837554083407985,0.111111111111111,0.112017190360512,0.295868347338936,0.32051282051282004,0,1.1111111111111098
Region x Season_12NM,Three Kings-North Cape,Winter,Nevents,2.8603545773967693e-6,0.0116995073891626,0.00126305551021787,1997,0.00658266082902504,0.02998749218261408,0,0.526658305249448,0.0155122655122655,0.406952190829568,0.116995073891626,0.29987492182614084,0,0.155122655122655
Region x Season_12NM,Auckland Island,Autumn,Mean_Intensity,0.01283553900505004,0.00168600757971071,0.0630983820294814,1998,0.248500570788314,0.01229653570966733,0,0.642596388849304,8.85849907253672e-4,0.462804891102035,0.0168600757971071,0.12296535709667336,0,0.00885849907253672
Region x Season_12NM,Auckland Island,Spring,Mean_Intensity,0.5631321637425486,0,0.762996731276765,2012,0.512633413483397,0.00235496471009167,0,0.0995886951186583,0.00383668732760448,0.858027656987521,0,0.02354964710091674,0,0.0383668732760448
Region x Season_12NM,Auckland Island,Summer,Mean_Intensity,0.3280558143852207,0,0.683572789950252,2014,0.701862717226917,0.00271053144782349,0,0.286320596793059,0.037034944699638,1,0,0.0271053144782349,0,0.37034944699638
Region x Season_12NM,Auckland Island,Winter,Mean_Intensity,0.01031818668511213,0.00235485834346724,0.0776001778575874,1996,0.32457554494705,0.00989842615992389,0,0.745961088883831,0.00182245017644603,0.462136560316865,0.0235485834346724,0.09898426159923895,0,0.0182245017644603
Region x Season_12NM,Bounty and Antipodes Islands,Autumn,Mean_Intensity,0.12408988995360762,0,0.223127651570661,2009,0.176057561602557,0.01400778905589623,0,0.167868845646944,0.0358441148696816,0.392153538341356,0,0.1400778905589623,0,0.358441148696816
Region x Season_12NM,Bounty and Antipodes Islands,Spring,Mean_Intensity,0.00729078324279292,0.00267048706895585,0.150943133851417,2009,0.316281982973152,0.00921014971062539,0,0.577495664437049,0.0259833478091275,0.271240886355585,0.0267048706895585,0.09210149710625398,0,0.259833478091275
Region x Season_12NM,Bounty and Antipodes Islands,Summer,Mean_Intensity,0.8335146459990291,0,0.91492749955985,2012,0.816045026285158,0.00127347603723183,-0.00881923412574981,0.122622337178298,0.0303313931998429,0.591505036994917,0,0.01273476037231834,-0.0881923412574981,0.303313931998429
Region x Season_12NM,Bounty and Antipodes Islands,Winter,Mean_Intensity,2.2475589488085305e-4,0.0074403328749102,0.0087119129623796,2009,0.0112464081375155,0.01414727275065473,0,0.722597566366268,0.00898682995182592,0.427710510297464,0.074403328749102,0.14147272750654738,0,0.0898682995182592
Region x Season_12NM,Campbell Island,Autumn,Mean_Intensity,0.10965681510457664,0,0.0638174063791295,2008,29,0.0120413935222141,0,0.594894419516315,0.0145935038481828,0.17047543147055,0,0.12041393522214106,0,0.145935038481828
Region x Season_12NM,Campbell Island,Spring,Mean_Intensity,0.2279211588232488,0,0.504077818785003,2015,0.688195662898825,0.00389632704337297,0,0.432455853745833,0.0197268684219103,0.648582193569624,0,0.03896327043372973,0,0.197268684219103
Region x Season_12NM,Campbell Island,Summer,Mean_Intensity,0.10163404722244032,0,0.488965012651743,2016,0.729615959766342,0.00572197991839596,0,0.465179632913255,0.0834922036114836,0.452370360677361,0,0.05721979918395963,0,0.834922036114836
Region x Season_12NM,Campbell Island,Winter,Mean_Intensity,0.01261316650067897,0.00264646363881844,0.0060860116296765,1999,0.0327915464577378,0.01263979861049547,0,0.628967844730379,0.00342925866078471,0.320877931470596,0.0264646363881844,0.12639798610495476,0,0.0342925866078471
Region x Season_12NM,Central New Zealand,Autumn,Mean_Intensity,0.4010683459653404,0.00268031621641128,0.356802637566297,2014,0.648058991085636,0.01850540272975069,-0.00167932267761085,0.721026968437718,-0.00149766483461371,1,0.02680316216411279,0.18505402729750697,-0.0167932267761085,-0.0149766483461371
Region x Season_12NM,Central New Zealand,Spring,Mean_Intensity,0.02636733614992797,0.00765051552778026,0.0526473996392981,1997,0.181369539729631,0.01918251134638314,-0.00552231924282117,0.403869739467297,0.00525602671046932,0.413686226993168,0.07650515527780259,0.19182511346383144,-0.0552231924282117,0.0525602671046932
Region x Season_12NM,Central New Zealand,Summer,Mean_Intensity,0.0029575519967677,0.00895834095725007,0.0126493918188216,2009,0.0382379810052845,0.019688694592813,-0.00102523361712726,0.874391387978976,0.0365444820003011,0.127203687631099,0.08958340957250069,0.19688694592813005,-0.0102523361712726,0.36544482000301104
Region x Season_12NM,Central New Zealand,Winter,Mean_Intensity,0.228837256820373,0.00376205947388313,0.125251457747583,1996,0.0534560476293628,0.02002679731277865,0,0.665770923176588,-0.00479102408609654,0.270427963910375,0.0376205947388313,0.20026797312778655,0,-0.0479102408609654
Region x Season_12NM,Chatham Island,Autumn,Mean_Intensity,8.47277153043864e-4,0.0130398778286365,0.0298468851760429,1996,0.146733185683281,0.0216505646265729,0,0.513435678994792,0.00949359779995443,0.289040498517938,0.130398778286365,0.21650564626572905,0,0.0949359779995443
Region x Season_12NM,Chatham Island,Spring,Mean_Intensity,9.447489368553522e-4,0.00644287828667523,0.0358467663042607,2012,0.160860351384194,0.01528490432359662,0,0.85953166932693,0.0163142581948825,0.591505036994917,0.0644287828667523,0.1528490432359662,0,0.163142581948825
Region x Season_12NM,Chatham Island,Summer,Mean_Intensity,0.00759142295383922,0.00414603682955501,0.130417533167098,2012,0.22218134614896,0.0099599577459891,0,0.629555537104731,0.0663468251753152,0.283130870662347,0.0414603682955501,0.09959957745989104,0,0.663468251753152
Region x Season_12NM,Chatham Island,Winter,Mean_Intensity,5.2291711414217125e-5,0.0134052955503797,1.58264041560475e-4,1996,0.00131743813623019,0.02454322876359348,0,0.390962787331383,0.00528105715405726,0.175773030558067,0.134052955503797,0.24543228763593483,0,0.05281057154057259
Region x Season_12NM,Kermadec Island,Autumn,Mean_Intensity,6.36680703566149e-4,0.00855715282840177,0.0299911985658104,1994,0.0686619468434076,0.01834506837444044,0,0.598437805415565,0.00133439354540619,0.691121497021136,0.08557152828401769,0.1834506837444044,0,0.0133439354540619
Region x Season_12NM,Kermadec Island,Spring,Mean_Intensity,0.00807280586834355,0.00689900332728341,0.0379650109301347,1997,0.269747901692371,0.01803080120021505,0,0.636977340485933,0.00818806436954919,0.147209660006986,0.06899003327283411,0.1803080120021505,0,0.0818806436954919
Region x Season_12NM,Kermadec Island,Summer,Mean_Intensity,0.03376714068581953,0.00492795677329187,0.144304618547333,2007,0.426311692910232,0.0196950029226601,0,0.945032774864119,0,0.96035280145056,0.04927956773291869,0.196950029226601,0,0
Region x Season_12NM,Kermadec Island,Winter,Mean_Intensity,0.0358367284099232,0.00516951743787512,0.00299943016141859,2001,0.007210487806071,0.03110011217677065,0,0.792335179284585,5.26083699647129e-4,0.784191229401619,0.0516951743787512,0.31100112176770656,0,0.00526083699647129
Region x Season_12NM,Northeastern New Zealand,Autumn,Mean_Intensity,0.00271020954837173,0.0129967184351867,6.335482192947e-4,1994,0.00573404234439216,0.02829707129504079,0,0.738591001880065,0.00537274072261302,0.268225777221084,0.129967184351867,0.28297071295040793,0,0.05372740722613019
Region x Season_12NM,Northeastern New Zealand,Spring,Mean_Intensity,0.00962496786188035,0.00706620981770655,0.0769683697473808,1997,0.170869901934642,0.01417641140636457,-0.0862249851795487,0.00815475433737766,0.0155605670030879,0.16628205897989,0.07066209817706551,0.14176411406364578,-0.862249851795487,0.155605670030879
Region x Season_12NM,Northeastern New Zealand,Summer,Mean_Intensity,9.257368496526354e-4,0.00583497278924409,0.088319123868605,2014,0.198069083058262,0.01334375880301705,0,0.876447799979281,0.067181714899195,0.536186771900174,0.0583497278924409,0.13343758803017053,0,0.67181714899195
Region x Season_12NM,Northeastern New Zealand,Winter,Mean_Intensity,0.03803667773465513,0.00565610029193404,0.040884264314321,1994,0.00689005652430918,0.01623315729611848,0,0.361940915347264,-0.00263682681662173,0.501454564055363,0.0565610029193404,0.16233157296118483,0,-0.0263682681662173
Region x Season_12NM,Snares Island,Autumn,Mean_Intensity,0.00349399706804442,0.0138366494905814,0.00494759019460431,2007,31,0.02839749470295772,0,0.941125846685073,0.0432117333748355,0.0422080660862067,0.138366494905814,0.2839749470295772,0,0.432117333748355
Region x Season_12NM,Snares Island,Spring,Mean_Intensity,0.06249272442517719,0,0.28506863499996,2012,0.830882031753125,0.00901743638970163,0,0.901808238128261,0,0.85289247927395,0,0.0901743638970163,0,0
Region x Season_12NM,Snares Island,Summer,Mean_Intensity,0.11002941077171936,0,0.377983436406507,1998,0.674671314147312,0.01038032758613571,0,0.137536040077152,0,0.77877585989525,0,0.10380327586135717,0,0
Region x Season_12NM,Snares Island,Winter,Mean_Intensity,0.05156061632780384,0,0.0484545133840391,1996,17,0.01751501140772154,0,0.61166563199306,0,0.696024339374938,0,0.17515011407721545,0,0
Region x Season_12NM,South New Zealand,Autumn,Mean_Intensity,0.00403923376854674,0.00861874161012454,0.0426823723233766,2012,0.156034835812443,0.02171190478112546,0,0.902965584822893,0.0192952290548779,0.591505036994917,0.0861874161012454,0.21711904781125463,0,0.19295229054877905
Region x Season_12NM,South New Zealand,Spring,Mean_Intensity,0.0942348447195935,0.00159287403278198,0.18963375544767,2009,31,0.0122433712812538,0,0.374999161138645,0.0262137226019813,0.271240886355585,0.0159287403278198,0.12243371281253808,0,0.262137226019813
Region x Season_12NM,South New Zealand,Summer,Mean_Intensity,0.7639859374669568,0,0.842300462930064,2010,0.32457554494705,0.00743314548704176,-0.0171315004246519,0.0263941342095153,0.00178897699825976,1,0,0.07433145487041767,-0.17131500424651902,0.0178897699825976
Region x Season_12NM,South New Zealand,Winter,Mean_Intensity,0.05621296720146006,0.00263144174914348,0.0425035117532927,1996,0.0617445750420483,0.02121753960705006,0,0.74856630246615,0,0.77206355512386,0.0263144174914348,0.21217539607050068,0,0
Region x Season_12NM,Three Kings-North Cape,Autumn,Mean_Intensity,0.00134895550147013,0.00929735194492303,4.09102207535359e-4,1997,0.0229596384734092,0.02762573120809968,0,0.269699624390875,0.00671963329224947,0.0994288182989422,0.0929735194492303,0.27625731208099685,0,0.0671963329224947
Region x Season_12NM,Three Kings-North Cape,Spring,Mean_Intensity,0.08430767424398723,0,0.108742070461691,2012,0.121490416894221,0.01217642052960601,0,0.263825139594099,0.0644151342439706,0.126849294015145,0,0.12176420529606016,0,0.6441513424397061
Region x Season_12NM,Three Kings-North Cape,Summer,Mean_Intensity,2.716494989737697e-4,0.00956540029478287,0.0162218823719324,2009,0.0478862922342307,0.02091383278460229,0,1,0.0279319117364711,0.360121647755378,0.09565400294782868,0.20913832784602296,0,0.279319117364711
Region x Season_12NM,Three Kings-North Cape,Winter,Mean_Intensity,0.03984273527793867,0.00405053710478025,0.00537133137372595,1997,0.0203205800253833,0.02337112362795918,0,0.526658305249448,0.0013239390813143,0.538748218406844,0.0405053710478025,0.23371123627959176,0,0.013239390813143
Region x Season_12NM,Auckland Island,Autumn,Maximum_Intensity,0.0011197445379655,0.00790140858465883,0.0425035117532927,1998,0.209855826030041,0.0194025985085235,0,0.642596388849304,0.00677257391975036,0.348869721108353,0.07901408584658831,0.19402598508523505,0,0.0677257391975036
Region x Season_12NM,Auckland Island,Spring,Maximum_Intensity,0.16860253286511487,0,0.419005177181994,2012,0.228550254445066,0.00448284320440269,0,0.115380713611659,0.0315459755859375,0.474274350767329,0,0.04482843204402699,0,0.31545975585937497
Region x Season_12NM,Auckland Island,Summer,Maximum_Intensity,0.1904095973022323,0,0.565003993334148,2016,0.701862717226917,0.00705414425901525,0,0.432029038091058,0.180219946594238,1,0,0.07054144259015252,0,1.80219946594238
Region x Season_12NM,Auckland Island,Winter,Maximum_Intensity,2.78882547670595e-5,0.00800709115208656,0.0170864387523753,1996,24,0.01551181754293424,0,0.331095998674665,0.0094570217980279,0.124167247981152,0.0800709115208656,0.15511817542934248,0,0.094570217980279
Region x Season_12NM,Bounty and Antipodes Islands,Autumn,Maximum_Intensity,0.05112606962106297,1.88094680338722e-4,0.144429788614428,2009,0.165804767386612,0.01741549196159671,0,0.244585277938175,0.0751499574025472,0.178722003944218,0.00188094680338722,0.1741549196159672,0,0.751499574025472
Region x Season_12NM,Bounty and Antipodes Islands,Spring,Maximum_Intensity,2.756831657112504e-4,0.00776358696126937,0.0769683697473808,2009,0.110274821826928,0.01496456402359095,0,0.522450956772199,0.0369817975983796,0.392153538341356,0.0776358696126937,0.14964564023590954,0,0.369817975983796
Region x Season_12NM,Bounty and Antipodes Islands,Summer,Maximum_Intensity,0.5330801716946056,0,0.712907428183734,2012,0.479041199830132,0.00597630393360385,-0.0215216274887166,0.0855600792594499,0.104468892279731,0.283130870662347,0,0.05976303933603855,-0.215216274887166,1.04468892279731
Region x Season_12NM,Bounty and Antipodes Islands,Winter,Maximum_Intensity,2.719188499976411e-5,0.0167497261836642,0.00610938928768524,2009,0.0103047996961682,0.02375981212446724,0,0.786035378121019,0.0444500487668822,0.299665448434302,0.167497261836642,0.2375981212446724,0,0.444500487668822
Region x Season_12NM,Campbell Island,Autumn,Maximum_Intensity,0.02121146145183056,0.00448067156120579,0.0144227419834642,2010,0.0617445750420483,0.01822706777891118,0,0.762435984450108,0.0503297041024103,0.0542842385160354,0.04480671561205789,0.18227067778911185,0,0.503297041024103
Region x Season_12NM,Campbell Island,Spring,Maximum_Intensity,0.15017176905357524,0,0.290606179092391,2012,0.341633260984397,0.00849003443179857,0,0.356027843699674,0.0140972222222222,0.653422094755318,0,0.08490034431798571,0,0.140972222222222
Region x Season_12NM,Campbell Island,Summer,Maximum_Intensity,0.15259891298690223,0,0.603783796769133,2016,0.757911855824236,0.00314512840179869,0,0.375759293056659,0.081525,0.707114231289961,0,0.03145128401798691,0,0.81525
Region x Season_12NM,Campbell Island,Winter,Maximum_Intensity,0.01149234998278309,0.00550880083286718,0.0117122803989038,1999,0.0686619468434076,0.01830864669958449,0,0.562038603944293,0.0102142829895019,0.271345426830979,0.0550880083286718,0.18308646699584497,0,0.102142829895019
Region x Season_12NM,Central New Zealand,Autumn,Maximum_Intensity,0.04382095721058412,0.0131282655401519,0.0822158720659541,2012,33,0.0279255029759277,3.90029958358314e-4,0.811474132903832,0.0347626939603365,0.371093369522698,0.131282655401519,0.2792550297592771,0.00390029958358314,0.347626939603365
Region x Season_12NM,Central New Zealand,Spring,Maximum_Intensity,4.4268764859433666e-5,0.020488028273206,0.0102236664100822,1997,0.0239046545554367,0.03067966576180846,-5.90623844586857e-4,0.516186844971325,0.00905873641641562,0.528312468533047,0.20488028273206,0.3067966576180846,-0.00590623844586857,0.0905873641641562
Region x Season_12NM,Central New Zealand,Summer,Maximum_Intensity,6.523071416592682e-8,0.0236401388380385,3.03767359775192e-4,2009,0.00309354317844479,0.03448286697886676,0.00329794101233014,0.663759669587101,0.0591086745946389,0.0585875753104889,0.23640138838038505,0.34482866978866766,0.0329794101233014,0.591086745946389
Region x Season_12NM,Central New Zealand,Winter,Maximum_Intensity,0.01565449009743613,0.0121169653096498,0.0126758489889877,1996,0.00522520443267722,0.02700883563041438,0,0.914003744101304,-0.00360951741094693,0.691553363857089,0.121169653096498,0.27008835630414385,0,-0.0360951741094693
Region x Season_12NM,Chatham Island,Autumn,Maximum_Intensity,3.2228462416755115e-9,0.0265611109018047,0.019372249524896,1996,0.0934927755868988,0.02972119530800947,0,0.592871379642026,0.0175854025381583,0.309604315743447,0.26561110901804696,0.29721195308009474,0,0.17585402538158298
Region x Season_12NM,Chatham Island,Spring,Maximum_Intensity,4.9701954121907214e-8,0.0196650635031287,0.00704156907920305,2012,0.0639809502284179,0.02702169293812813,0,0.595480393902366,0.0759800206629435,0.474274350767329,0.196650635031287,0.27021692938128133,0,0.759800206629435
Region x Season_12NM,Chatham Island,Summer,Maximum_Intensity,0.010386224198328,0.0126904299069018,0.124561341337156,2012,0.235058727310246,0.01842387429151422,0,0.605291394529022,0.172324933242798,0.107404636330254,0.126904299069018,0.18423874291514225,0,1.7232493324279798
Region x Season_12NM,Chatham Island,Winter,Maximum_Intensity,9.276981061900638e-11,0.0282824853531451,2.81270270102326e-4,1998,0.00106945851490149,0.03548416975491447,0,0.955466433737576,0.010497276628262,0.410636148515229,0.282824853531451,0.3548416975491447,0,0.10497276628262
Region x Season_12NM,Kermadec Island,Autumn,Maximum_Intensity,6.095229562931374e-9,0.0207126584921942,0.0182260259899864,1994,0.0686619468434076,0.02581338279134006,0,0.498330255254639,0.00685623637814803,0.450288716999298,0.207126584921942,0.25813382791340067,0,0.0685623637814803
Region x Season_12NM,Kermadec Island,Spring,Maximum_Intensity,8.48904377999586e-8,0.0192971328008741,0.015225658257764,1997,0.170869901934642,0.02638763069534495,0,0.705769860659939,0.0280673785569934,0.0836305395762776,0.192971328008741,0.26387630695344955,0,0.280673785569934
Region x Season_12NM,Kermadec Island,Summer,Maximum_Intensity,4.590400204607208e-7,0.0180037428257904,0.0423888201772024,2007,0.133626527564337,0.02672618194034585,0,0.98166468851832,0.017860684666489,0.518123167102851,0.180037428257904,0.2672618194034585,0,0.17860684666489002
Region x Season_12NM,Kermadec Island,Winter,Maximum_Intensity,0.01317148129614479,0.00977986808958505,0.0019742056750582,2001,0.00658266082902504,0.04008435663198509,0,0.792335179284585,0.00241112722025974,0.604951272297926,0.0977986808958505,0.4008435663198509,0,0.0241112722025974
Region x Season_12NM,Northeastern New Zealand,Autumn,Maximum_Intensity,1.930627277681072e-9,0.0301054598672739,2.15106727847392e-4,1994,0.00393662277192948,0.03825791501393671,0,0.738591001880065,0.0111463566804219,0.154594623147442,0.301054598672739,0.3825791501393672,0,0.111463566804219
Region x Season_12NM,Northeastern New Zealand,Spring,Maximum_Intensity,0.00434548626605435,0.0117560575480337,0.0658019071566479,1997,0.133626527564337,0.02034309583650099,-0.101943107109623,0.0109039941758222,0.0234996893556183,0.196911078673182,0.117560575480337,0.20343095836500988,-1.01943107109623,0.234996893556183
Region x Season_12NM,Northeastern New Zealand,Summer,Maximum_Intensity,1.3929906989635492e-5,0.0171083255175446,0.102197818566899,2014,0.176057561602557,0.02095428622256649,-0.00150652242312565,0.732318998548053,0.129046078667589,0.386476230771233,0.171083255175446,0.20954286222566493,-0.01506522423125649,1.29046078667589
Region x Season_12NM,Northeastern New Zealand,Winter,Maximum_Intensity,0.0322271166223562,0.00757210074239432,0.048359590404823,1996,0.0107662985677804,0.01948190091580202,0,1,-0.00505655389507054,0.260846657020505,0.07572100742394319,0.19481900915802028,0,-0.0505655389507054
Region x Season_12NM,Snares Island,Autumn,Maximum_Intensity,2.783867848196674e-7,0.0346837143849845,0.00312497413498528,2012,0.0340850808429161,0.03921863367465969,0,0.556971690377142,0.0892666396458944,0.371093369522698,0.346837143849845,0.3921863367465969,0,0.8926663964589441
Region x Season_12NM,Snares Island,Spring,Maximum_Intensity,0.02593369480223082,0,0.200487730217922,1998,0.661291765403669,0.01229796325020375,0,0.34244745711876,0,0.651051011919069,0,0.12297963250203756,0,0
Region x Season_12NM,Snares Island,Summer,Maximum_Intensity,0.11740201539489288,0,0.352062200674465,1998,0.571840311449418,0.01705825309092589,0,0.193806447377955,0,0.938931347023065,0,0.1705825309092589,0,0
Region x Season_12NM,Snares Island,Winter,Maximum_Intensity,0.03485790994063285,0,0.0484545133840391,1998,0.176057561602557,0.021913376492112,0,1,0,0.958820294590169,0,0.21913376492112005,0,0
Region x Season_12NM,South New Zealand,Autumn,Maximum_Intensity,6.091251548353348e-7,0.0226824154249138,0.0116781848286619,2012,0.0534560476293628,0.0327585851946501,0,0.740708904976707,0.0331876181300095,0.720514787136255,0.226824154249138,0.32758585194650103,0,0.331876181300095
Region x Season_12NM,South New Zealand,Spring,Maximum_Intensity,0.03444998598203398,0.00690080725729909,0.0998582400684381,2012,0.203895942233581,0.02141166902005836,0,0.671034335311307,0.0793969504872479,0.283130870662347,0.06900807257299091,0.2141166902005836,0,0.7939695048724791
Region x Season_12NM,South New Zealand,Summer,Maximum_Intensity,0.1708750126278875,0.00650118906232571,0.343156575916521,2010,0.0762286842354789,0.01760838739943322,-0.0300673417816626,0.05527304968439,0.0126925229986039,0.9453298708327,0.0650118906232571,0.17608387399433226,-0.300673417816626,0.126925229986039
Region x Season_12NM,South New Zealand,Winter,Maximum_Intensity,0.01300002334000132,0.00626091557276262,0.0178520085556539,1996,0.0428263025563973,0.02718917641737444,0,0.847492939905644,0,0.911287956132709,0.0626091557276262,0.27189176417374444,0,0
Region x Season_12NM,Three Kings-North Cape,Autumn,Maximum_Intensity,9.076488392436553e-12,0.027074797229767,1.08001333421008e-4,1997,0.0107662985677804,0.03814675066906778,0,0.320525244267431,0.0226510057220458,0.0535969598348443,0.27074797229767,0.3814675066906778,0,0.226510057220458
Region x Season_12NM,Three Kings-North Cape,Spring,Maximum_Intensity,0.11718654685811992,0,0.160971938833059,2012,0.22218134614896,0.01611997389866743,0,0.263825139594099,0.15067781592475,0.0593144064703545,0,0.1611997389866743,0,1.5067781592474998
Region x Season_12NM,Three Kings-North Cape,Summer,Maximum_Intensity,4.78468512476519e-8,0.0200519550408258,0.00721628502050541,2009,0.0478862922342307,0.02971712341795749,0,0.682903925630373,0.0387974203321669,0.299665448434302,0.200519550408258,0.2971712341795749,0,0.387974203321669
Region x Season_12NM,Three Kings-North Cape,Winter,Maximum_Intensity,3.096325421274851e-4,0.0148338198779877,0.00204589599915066,1997,0.0103047996961682,0.02926457167581883,0,0.526658305249448,0.0057159753904577,0.421484966389965,0.148338198779877,0.29264571675818835,0,0.057159753904577
Region x Season_12NM,Auckland Island,Autumn,Cumulative_Intensity,0.04327911922752065,0.0751737472752162,0.00726391325112266,2011,0.0904065837363741,0.9699792153456132,0,0.503204927172627,2.83763669252184,0.478593692972351,0.751737472752162,9.699792153456132,0,28.3763669252184
Region x Season_12NM,Auckland Island,Spring,Cumulative_Intensity,0.10230630505691889,0.00929724786546443,0.137910912908978,2011,0.0397172898660469,0.4157480577100985,0,0.0960973981657646,1.60624998378754,0.310044123876524,0.09297247865464432,4.157480577100985,0,16.0624998378754
Region x Season_12NM,Auckland Island,Summer,Cumulative_Intensity,0.24613690124554732,0,0.34975459553599,2016,0.479041199830132,0.4400659571120093,0,0.523815871848116,4.20228993419647,0.707114231289961,0,4.400659571120093,0,42.0228993419647
Region x Season_12NM,Auckland Island,Winter,Cumulative_Intensity,0.00423079404617131,0.210239690141117,0.0036199841726946,2008,0.0762286842354789,0.5938135903785076,0,0.483774261264948,1.48158257247925,0.0891985826480211,2.1023969014111703,5.938135903785076,0,14.8158257247925
Region x Season_12NM,Bounty and Antipodes Islands,Autumn,Cumulative_Intensity,0.0915424438288316,0.0713833359824287,0.0936194914375952,2010,0.170869901934642,0.6105487141736617,0,0.372439967219713,5.19942139140841,0.0467449410537112,0.713833359824287,6.105487141736617,0,51.9942139140841
Region x Season_12NM,Bounty and Antipodes Islands,Spring,Cumulative_Intensity,0.02232320212059615,0.280263749896348,0.00610938928768524,2009,0.00254268226252346,0.754401990869316,0,0.470234655145316,1.34376124769529,0.624854464957099,2.80263749896348,7.54401990869316,0,13.4376124769529
Region x Season_12NM,Bounty and Antipodes Islands,Summer,Cumulative_Intensity,0.2293708618945803,0.0245839025014624,0.301769828845878,2012,0.156034835812443,0.489412106922476,-0.151461801581913,0.106519815751505,4.97716914098292,0.0736382701203027,0.245839025014624,4.89412106922476,-1.51461801581913,49.7716914098292
Region x Season_12NM,Bounty and Antipodes Islands,Winter,Cumulative_Intensity,0.01211064686403229,0.289537227716597,0.00129705135250998,2009,0.00498660899221309,0.751282417731133,0,0.754109041579658,3.47166871083931,0.00870615545243421,2.8953722771659702,7.51282417731133,0,34.716687108393096
Region x Season_12NM,Campbell Island,Autumn,Cumulative_Intensity,0.03180266271420658,0.0769381198166356,0.00818697145657826,2010,0.0269499577014627,0.5639225605778327,0,0.729743455120172,2.78063335653941,0.0990198320624618,0.7693811981663561,5.639225605778328,0,27.806333565394095
Region x Season_12NM,Campbell Island,Spring,Cumulative_Intensity,0.23410940725722673,0,0.128918529080261,2011,0.142253371878316,0.3455180536697872,0,0.348636266239169,1.89212493284543,0.390364962548806,0,3.4551805366978723,0,18.921249328454294
Region x Season_12NM,Campbell Island,Summer,Cumulative_Intensity,0.3223523556314882,0,0.488965012651743,2016,0.32457554494705,0.24373697506463823,0,0.208146363977549,2.86970824114482,0.707114231289961,0,2.4373697506463827,0,28.6970824114482
Region x Season_12NM,Campbell Island,Winter,Cumulative_Intensity,0.00137528683433575,0.134015812386407,0.00184693618354617,1999,0.0354231610863675,0.3953088818515865,0,0.628967844730379,0.599577724266052,0.0641453702613503,1.34015812386407,3.953088818515865,0,5.9957772426605205
Region x Season_12NM,Central New Zealand,Autumn,Cumulative_Intensity,2.16865206862236e-5,0.583886805716832,3.13056588825776e-4,1997,0.0103047996961682,1.0580601126301663,0.027268026061164,0.384161412721343,0.802697745254367,0.0972765497036966,5.8388680571683205,10.580601126301666,0.27268026061164,8.02697745254367
Region x Season_12NM,Central New Zealand,Spring,Cumulative_Intensity,1.058796858984394e-5,0.125878986947493,0.00892626838028917,1996,0.0139495206053489,0.3965036180069951,0,0.5725580830729,0.0869251259958177,0.537126940170827,1.25878986947493,3.9650361800699505,0,0.869251259958177
Region x Season_12NM,Central New Zealand,Summer,Cumulative_Intensity,0.00405209039454408,0.487803025740348,0.00415236123383932,2009,0.0172233894740792,1.007236355575662,-0.0674379525144365,0.874391387978976,4.72706558445268,0.0173433591624235,4.87803025740348,10.07236355575662,-0.674379525144365,47.2706558445268
Region x Season_12NM,Central New Zealand,Winter,Cumulative_Intensity,3.1480097024066455e-10,0.310606812908722,8.83579522524156e-5,1996,1.43505183020671e-4,0.5408181054629362,0,1,0.261747965291341,0.402267231264431,3.10606812908722,5.408181054629361,0,2.61747965291341
Region x Season_12NM,Chatham Island,Autumn,Cumulative_Intensity,0.02795596661357268,0.120454210578071,0.00568197822650662,1997,0.0595754706426856,1.3373094689624012,0,0.917002681551372,0.339867952309052,0.190470652510812,1.20454210578071,13.373094689624011,0,3.39867952309052
Region x Season_12NM,Chatham Island,Spring,Cumulative_Intensity,0.01101013573526532,0.175884107132753,0.0011811819977485,2011,0.0428263025563973,1.0793752099316267,0,0.313715848875026,4.05492079931895,0.101041662579591,1.75884107132753,10.793752099316269,0,40.5492079931895
Region x Season_12NM,Chatham Island,Summer,Cumulative_Intensity,0.14492563690348845,0.137089447015524,0.0936207067516218,2012,0.248500570788314,1.111729722416895,0,0.782832252241477,8.22644765622174,0.107404636330254,1.37089447015524,11.117297224168947,0,82.2644765622174
Region x Season_12NM,Chatham Island,Winter,Cumulative_Intensity,0.00159768892603112,0.577597558450699,1.80365176643871e-5,1998,9.62507525531773e-4,1.4988758682555288,0,0.866952511075341,1.95830032642682,0.0300725729310184,5.77597558450699,14.988758682555288,0,19.5830032642682
Region x Season_12NM,Kermadec Island,Autumn,Cumulative_Intensity,0.00368549672383213,0.332730779699657,0.00390594709477927,1994,0.0258987613300933,1.2230832996114545,0,0.407902578638378,0.46627189664359,0.249211230925587,3.32730779699657,12.230832996114543,0,4.6627189664359
Region x Season_12NM,Kermadec Island,Spring,Cumulative_Intensity,3.3527875636568066e-11,0.277804008865571,4.55574787362348e-6,2004,5.03700028461228e-4,0.724027653470637,0,0.444613140349028,1.43051801581913,0.00506375394149143,2.77804008865571,7.240276534706371,0,14.3051801581913
Region x Season_12NM,Kermadec Island,Summer,Cumulative_Intensity,7.281104333258873e-6,0.285925118501451,0.00568197822650662,2007,0.0639809502284179,0.5045688282584779,0,0.696024339374938,1.7507863324252,0.100909889527276,2.8592511850145104,5.045688282584779,0,17.507863324252
Region x Season_12NM,Kermadec Island,Winter,Cumulative_Intensity,2.7504023974889685e-7,0.267727361286825,3.87098680143708e-4,2001,0.0060051040140060704,0.8517490832836571,0,0.792335179284585,0.818271031215937,0.120690800527446,2.67727361286825,8.51749083283657,0,8.18271031215937
Region x Season_12NM,Northeastern New Zealand,Autumn,Cumulative_Intensity,5.890000629732785e-4,0.333571213357987,3.68796141629497e-5,1994,0.00357680352949921,1.070483522608389,0,0.738591001880065,0.533571789324968,0.0361095883777059,3.33571213357987,10.70483522608389,0,5.335717893249679
Region x Season_12NM,Northeastern New Zealand,Spring,Cumulative_Intensity,0.01998846053935277,0.0305317220161465,0.085237065199342,1997,0.103284552564723,0.3669437190099208,-0.0433315258672161,0.0144480312064598,0.0818712133270339,0.411552300347669,0.305317220161465,3.6694371900992087,-0.43331525867216103,0.818712133270339
Region x Season_12NM,Northeastern New Zealand,Summer,Cumulative_Intensity,0.01434028067805122,0.489570767716439,0.00630275674332369,2014,0.0368070368228742,1.1145037895270349,0.0221040718269348,0.755840443107357,8.39892192363739,0.173546221787853,4.89570767716439,11.145037895270349,0.221040718269348,83.9892192363739
Region x Season_12NM,Northeastern New Zealand,Winter,Cumulative_Intensity,7.200126446109165e-8,0.050900090098543,0.00791294080996981,1997,0.0112464081375155,0.10146199977330143,0,0.961447807171676,-0.00121007433860531,1,0.50900090098543,1.0146199977330144,0,-0.0121007433860531
Region x Season_12NM,Snares Island,Autumn,Cumulative_Intensity,0.01455808469498355,0.1913719895448,0.00288914146229902,1998,0.0229596384734092,1.2726976042717766,0,0.135113759258289,0.749934402418137,0.0614918153127138,1.913719895448,12.726976042717766,0,7.499344024181371
Region x Season_12NM,Snares Island,Spring,Cumulative_Intensity,2.5267259332222713e-5,0,0.122560614416638,2012,0.512633413483397,0.11117921053505352,0,1,0,0.85289247927395,0,1.111792105350535,0,0
Region x Season_12NM,Snares Island,Summer,Cumulative_Intensity,0.15144581730996065,0,0.239798487336357,1998,0.416255311263524,0.697389176596556,0,0.353333207230066,0,0.979626081285199,0,6.9738917659655595,0,0
Region x Season_12NM,Snares Island,Winter,Cumulative_Intensity,0.00739614839446551,0,0.0354494466675317,1998,0.176057561602557,0.4907229311696843,0,1,0,0.756709821835948,0,4.9072293116968435,0,0
Region x Season_12NM,South New Zealand,Autumn,Cumulative_Intensity,0.00220356408997124,0.501375128902088,8.90493962949073e-4,1998,0.00902572911038771,1.3620538227723815,0,0.759759654542587,0.938112460269561,0.0956449950974449,5.01375128902088,13.620538227723817,0,9.38112460269561
Region x Season_12NM,South New Zealand,Spring,Cumulative_Intensity,3.638292548383979e-4,0.0445793606694041,0.0477688281425003,2011,0.176057561602557,0.3819511220935886,0,0.940512011359072,2.04362213577595,0.184350951209748,0.445793606694041,3.819511220935887,0,20.4362213577595
Region x Season_12NM,South New Zealand,Summer,Cumulative_Intensity,0.120903300252504,0.172872161610423,0.178350803164671,2012,0.165804767386612,0.8636605557973943,-0.0410998493577209,0.450248386512493,2.3887643256857,0.720514787136255,1.7287216161042298,8.636605557973944,-0.410998493577209,23.887643256856997
Region x Season_12NM,South New Zealand,Winter,Cumulative_Intensity,3.483198644268617e-4,0.160213179931964,0.0046510035268429,1996,0.0269499577014627,0.53799642840223,0,0.847492939905644,0.228233512464483,0.489711598078325,1.6021317993196398,5.3799642840223,0,2.2823351246448302
Region x Season_12NM,Three Kings-North Cape,Autumn,Cumulative_Intensity,1.7677365096068754e-6,0.271943015941675,4.09102207535359e-4,1997,0.00825493328959502,0.7310510821693982,0,0.377234303848117,0.351047231450735,0.239244250952932,2.71943015941675,7.310510821693982,0,3.51047231450735
Region x Season_12NM,Three Kings-North Cape,Spring,Cumulative_Intensity,0.04431826849222463,0,0.153560290156911,2012,0.32457554494705,0.303875205111667,0,0.448311599135162,2.44690844141642,0.0879614743080801,0,3.0387520511166697,0,24.4690844141642
Region x Season_12NM,Three Kings-North Cape,Summer,Cumulative_Intensity,4.08694441882695e-6,0.296680981899443,0.00541976099491823,2009,0.044458714572896,0.5475426343512988,0,0.806377290955609,3.276466703754,0.0585875753104889,2.9668098189944296,5.4754263435129875,0,32.76466703754
Region x Season_12NM,Three Kings-North Cape,Winter,Cumulative_Intensity,1.797944228851997e-7,0.0651125042450734,0.00241692549129577,1997,0.00943512139231575,0.30831577353233514,0,0.526658305249448,0.0769356588599795,0.507976231590955,0.651125042450734,3.0831577353233515,0,0.7693565885997949
